{
  "coordinates": {
    "England": {
      "lat": 52.5310214,
      "lon": -1.2649062,
      "displayName": "England, United Kingdom"
    },
    "African Desert": {
      "lat": 12.2213308,
      "lon": 109.2437125,
      "displayName": "Hoang mạc Châu Phi, Trần Phú, Phường Nha Trang, Tỉnh Khánh Hòa, 57131, Việt Nam"
    },
    "Illinois": {
      "lat": 40.0796606,
      "lon": -89.4337288,
      "displayName": "Illinois, United States of America"
    },
    "Jupiter": {
      "lat": 26.9342246,
      "lon": -80.0942087,
      "displayName": "Jupiter, Palm Beach County, Florida, 33458, United States of America"
    },
    "England, UK": {
      "lat": 52.5310214,
      "lon": -1.2649062,
      "displayName": "England, United Kingdom"
    },
    "London, UK": {
      "lat": 51.5074456,
      "lon": -0.1277653,
      "displayName": "London, Greater London, England, United Kingdom"
    },
    "Austin, USA": {
      "lat": 30.2711286,
      "lon": -97.7436995,
      "displayName": "Austin, Travis County, Texas, United States of America"
    },
    "Orange County, USA": {
      "lat": 33.750631,
      "lon": -117.8722311,
      "displayName": "Orange County, California, United States of America"
    },
    "Japan": {
      "lat": 36.5748441,
      "lon": 139.2394179,
      "displayName": "日本"
    },
    "Tokyo, Japan": {
      "lat": 35.6768601,
      "lon": 139.7638947,
      "displayName": "東京都, 日本"
    },
    "Montreal, Canada": {
      "lat": 45.5031824,
      "lon": -73.5698065,
      "displayName": "Montréal, Agglomération de Montréal, Montréal (région administrative), Québec, Canada"
    },
    "Montana, USA": {
      "lat": 47.3752671,
      "lon": -109.638757,
      "displayName": "Montana, United States of America"
    },
    "United States": {
      "lat": 39.7837304,
      "lon": -100.445882,
      "displayName": "United States of America"
    },
    "Los Angeles, USA": {
      "lat": 34.0536909,
      "lon": -118.242766,
      "displayName": "Los Angeles, Los Angeles County, California, United States of America"
    },
    "Budapest, Hungary": {
      "lat": 47.4813896,
      "lon": 19.1460941,
      "displayName": "Budapest, Közép-Magyarország, Magyarország"
    },
    "Las Vegas, USA": {
      "lat": 36.1674263,
      "lon": -115.1484131,
      "displayName": "Las Vegas, Clark County, Nevada, United States of America"
    },
    "Winterthur, Switzerland": {
      "lat": 47.4991723,
      "lon": 8.7291498,
      "displayName": "Winterthur, Bezirk Winterthur, Zürich, Schweiz/Suisse/Svizzera/Svizra"
    },
    "Space": {
      "lat": 48.848139,
      "lon": 2.3043031,
      "displayName": "European Space Agency, 10, Rue Mario Nikis, Quartier Necker, Paris 15e Arrondissement, Paris, France métropolitaine, 75015, France"
    },
    "Johannesburg, South Africa": {
      "lat": -26.205,
      "lon": 28.049722,
      "displayName": "Johannesburg, City of Johannesburg Metropolitan Municipality, Gauteng, 2001, South Africa"
    },
    "Germany": {
      "lat": 51.1638175,
      "lon": 10.4478313,
      "displayName": "Deutschland"
    },
    "Pacific Islands": {
      "lat": -20.7823011,
      "lon": 167.2208967,
      "displayName": "Pacific, Route des Éoliennes, Hnathalo, Lifou, Province des îles Loyauté, Nouvelle-Calédonie, 98820, France"
    },
    "Cambridge, England": {
      "lat": 52.2055314,
      "lon": 0.1186637,
      "displayName": "Cambridge, Cambridgeshire, Cambridgeshire and Peterborough, England, United Kingdom"
    },
    "San Francisco, USA": {
      "lat": 37.7792588,
      "lon": -122.4193286,
      "displayName": "San Francisco, California, United States of America"
    },
    "Seoul, Korea": {
      "lat": 37.5666791,
      "lon": 126.9782914,
      "displayName": "서울특별시, 대한민국"
    },
    "Big Island, Hawaii)": {
      "lat": 19.5895548,
      "lon": -155.4486983,
      "displayName": "Hawaiʻi, Hawaii, United States of America"
    },
    "San Jose, USA": {
      "lat": 37.3361663,
      "lon": -121.890591,
      "displayName": "San Jose, Santa Clara County, California, United States of America"
    },
    "New Mexico, USA": {
      "lat": 34.5802074,
      "lon": -105.996047,
      "displayName": "New Mexico, United States of America"
    },
    "Puerto Rico": {
      "lat": 18.2247706,
      "lon": -66.4858295,
      "displayName": "Puerto Rico, United States of America"
    },
    "Washington DC": {
      "lat": 38.8950368,
      "lon": -77.0365427,
      "displayName": "Washington, District of Columbia, United States of America"
    },
    "Hokkaido, Japan": {
      "lat": 43.4519831,
      "lon": 142.8197834,
      "displayName": "北海道, 日本"
    },
    "Sydney, Australia": {
      "lat": -33.8698439,
      "lon": 151.2082848,
      "displayName": "Sydney, Council of the City of Sydney, New South Wales, Australia"
    },
    "Dark City": {
      "lat": -25.6713889,
      "lon": 28.7288889,
      "displayName": "Dark City, Tshwane Ward 104, City of Tshwane Metropolitan Municipality, Gauteng, 1021, South Africa"
    },
    "Czech Republic": {
      "lat": 49.7439047,
      "lon": 15.3381061,
      "displayName": "Česko"
    },
    "Arrakis": {
      "lat": 43.3518038,
      "lon": -2.5272504,
      "displayName": "Arrakis, Ispaster, Bizkaia, Euskadi, 48288, España"
    },
    "France, UK": {
      "lat": 51.5029386,
      "lon": -0.0014592,
      "displayName": "France, Blackwall Tunnel, Blackwall Reach, Greenwich Peninsula, Royal Borough of Greenwich, London, Greater London, England, E14 9PB, United Kingdom"
    },
    "Industrial city, USA": {
      "lat": 33.4439977,
      "lon": -86.9819379,
      "displayName": "Industrial City, Hueytown, Jefferson County, Alabama, 35061, United States of America"
    },
    "New York, USA": {
      "lat": 40.7127281,
      "lon": -74.0060152,
      "displayName": "City of New York, New York, United States of America"
    },
    "Europa": {
      "lat": 51,
      "lon": 10,
      "displayName": "Europe"
    },
    "Valldal, Norway": {
      "lat": 62.2980545,
      "lon": 7.2623851,
      "displayName": "Valldal, Fjord, Møre og Romsdal, Norge"
    },
    "Norway": {
      "lat": 61.1529386,
      "lon": 8.7876653,
      "displayName": "Norge"
    },
    "Toronto, Canada": {
      "lat": 43.6534817,
      "lon": -79.3839347,
      "displayName": "Toronto, Golden Horseshoe, Ontario, Canada"
    },
    "Canada": {
      "lat": 61.0666922,
      "lon": -107.991707,
      "displayName": "Canada"
    },
    "Altair IV": {
      "lat": -20.5238955,
      "lon": -49.0606135,
      "displayName": "Altair, Região Imediata de São José do Rio Preto, Região Geográfica Intermediária de São José do Rio Preto, São Paulo, Região Sudeste, 15430-000, Brasil"
    },
    "California, USA": {
      "lat": 36.7014631,
      "lon": -118.755997,
      "displayName": "California, United States of America"
    },
    "USA": {
      "lat": 39.7837304,
      "lon": -100.445882,
      "displayName": "United States of America"
    },
    "Hong Kong": {
      "lat": 22.350627,
      "lon": 114.1849161,
      "displayName": "香港 Hong Kong, 中国"
    },
    "New York City, USA": {
      "lat": 40.7127281,
      "lon": -74.0060152,
      "displayName": "City of New York, New York, United States of America"
    },
    "Shanghai, China": {
      "lat": 31.2312707,
      "lon": 121.4700152,
      "displayName": "上海市, 中国"
    },
    "India": {
      "lat": 22.3511148,
      "lon": 78.6677428,
      "displayName": "India"
    },
    "North Vancouver, Canada": {
      "lat": 49.3206294,
      "lon": -123.0737925,
      "displayName": "North Vancouver, Metro Vancouver Regional District, British Columbia, Canada"
    },
    "Chicago, USA": {
      "lat": 41.8755616,
      "lon": -87.6244212,
      "displayName": "Chicago, South Chicago Township, Cook County, Illinois, United States of America"
    },
    "UK": {
      "lat": 54.7023545,
      "lon": -3.2765753,
      "displayName": "United Kingdom"
    },
    "Paris, France": {
      "lat": 48.8588897,
      "lon": 2.320041,
      "displayName": "Paris, Île-de-France, France métropolitaine, France"
    },
    "Africa": {
      "lat": 11.5024338,
      "lon": 17.7578122,
      "displayName": "Afrika / أفريقيا"
    },
    "Dream Worlds": {
      "lat": 48.8703417,
      "lon": 2.7800104,
      "displayName": "My Royal Dream, Town Square, Main Street U.S.A., Chessy, Torcy, Seine-et-Marne, Île-de-France, France métropolitaine, 77700, France"
    },
    "Alberta, Canada": {
      "lat": 55.001251,
      "lon": -115.002136,
      "displayName": "Alberta, Canada"
    },
    "American Midwest": {
      "lat": 27.9444164,
      "lon": -82.5069472,
      "displayName": "American Legion Cemetery, North Bon Air, Tampa, Hillsborough County, Florida, United States of America"
    },
    "Berlin, Germany": {
      "lat": 52.5173885,
      "lon": 13.3951309,
      "displayName": "Berlin, Deutschland"
    },
    "Metropolis": {
      "lat": 38.1260765,
      "lon": 27.324371,
      "displayName": "Metropolis, İzmir - Aydın Otoyolu, Yeniköy Mahallesi, Torbalı, Ege Bölgesi, 35860, Türkiye"
    },
    "Washington, USA": {
      "lat": 38.8950368,
      "lon": -77.0365427,
      "displayName": "Washington, District of Columbia, United States of America"
    },
    "Shepperton Studios, UK": {
      "lat": 51.4079823,
      "lon": -0.4662004,
      "displayName": "Shepperton Studios, Littleton, Spelthorne, Surrey, England, United Kingdom"
    },
    "Moon": {
      "lat": 58.5959044,
      "lon": 23.2196461,
      "displayName": "Muhu, Saare maakond, Eesti"
    },
    "Belgium, Canada": {
      "lat": 50.4838825,
      "lon": 5.8059646,
      "displayName": "Canada, La Reid, Theux, Verviers, Liège, Wallonie, 4910, België / Belgique / Belgien"
    },
    "New York": {
      "lat": 40.7127281,
      "lon": -74.0060152,
      "displayName": "City of New York, New York, United States of America"
    },
    "Mars": {
      "lat": 45.022172,
      "lon": 4.3221548,
      "displayName": "Mars, Tournon-sur-Rhône, Ardèche, Auvergne-Rhône-Alpes, France métropolitaine, 07320, France"
    },
    "Baton Rouge, LA": {
      "lat": 30.4494155,
      "lon": -91.1869659,
      "displayName": "Baton Rouge, East Baton Rouge Parish, Louisiana, United States of America"
    },
    "Madrid, Spain": {
      "lat": 40.416782,
      "lon": -3.703507,
      "displayName": "Madrid, Comunidad de Madrid, España"
    },
    "Dream world": {
      "lat": 28.5474511,
      "lon": 77.1268211,
      "displayName": "Dream World, Road Number 2, Mahipalpur, Vasant Vihar Tehsil, New Delhi, Delhi, 110037, India"
    },
    "Melbourne, Australia": {
      "lat": -37.8142454,
      "lon": 144.9631732,
      "displayName": "Melbourne, City of Melbourne, Victoria, Australia"
    },
    "Cleveland, USA": {
      "lat": 41.4996574,
      "lon": -81.6936772,
      "displayName": "Cleveland, Cuyahoga County, Ohio, United States of America"
    },
    "Dallas, USA": {
      "lat": 32.7762719,
      "lon": -96.7968559,
      "displayName": "Dallas, Dallas County, Texas, United States of America"
    },
    "Texas, USA": {
      "lat": 31.2638905,
      "lon": -98.5456116,
      "displayName": "Texas, United States of America"
    },
    "Sirius 6B": {
      "lat": 60.811828,
      "lon": 11.051854,
      "displayName": "6B, Sirius, Bekkesvea, Hamar, Innlandet, 2315, Norge"
    },
    "Prague, Czech Republic": {
      "lat": 50.0596288,
      "lon": 14.4464593,
      "displayName": "Praha, obvod Praha 4, Hlavní město Praha, Praha, Česko"
    },
    "Mexico": {
      "lat": 23.6585116,
      "lon": -102.0077097,
      "displayName": "México"
    },
    "Soviet Union": {
      "lat": 44.5666334,
      "lon": 27.359793,
      "displayName": "Soviet Union, Strada Lacului, Slobozia, Ialomița, 920012, România"
    },
    "Denmark, USA": {
      "lat": 43.9707277,
      "lon": -70.8035298,
      "displayName": "Denmark, Oxford County, Maine, 04022, United States of America"
    },
    "Oslo": {
      "lat": 59.9133301,
      "lon": 10.7389701,
      "displayName": "Oslo, Norge"
    },
    "Mumbai": {
      "lat": 19.054999,
      "lon": 72.8692035,
      "displayName": "Mumbai, Mumbai Suburban, Maharashtra, India"
    },
    "Tallinn": {
      "lat": 59.4372419,
      "lon": 24.7572802,
      "displayName": "Tallinn, Harju maakond, Eesti"
    },
    "Italy": {
      "lat": 42.6384261,
      "lon": 12.674297,
      "displayName": "Italia"
    },
    "France": {
      "lat": 46.603354,
      "lon": 1.8883335,
      "displayName": "France"
    },
    "Port city": {
      "lat": -32.0533326,
      "lon": 115.7468805,
      "displayName": "Port City, 13-15, Cantonment Street, Fremantle, City of Fremantle, Western Australia, 6959, Australia"
    },
    "UK, USA": {
      "lat": 38.0266291,
      "lon": -84.5047222,
      "displayName": "University of Kentucky, 101, Arboretum Woods Trail, Greg Page, University of Kentucky, Lexington, Fayette County, Kentucky, 40506, United States of America"
    },
    "Earth": {
      "lat": 34.2331373,
      "lon": -102.4107493,
      "displayName": "Earth, Lamb County, Texas, United States of America"
    },
    "Rhyolite, Nevada": {
      "lat": 36.9038245,
      "lon": -116.8288837,
      "displayName": "Rhyolite, Nye County, Nevada, United States of America"
    },
    "Arizona Desert": {
      "lat": 32.2598642,
      "lon": -112.9262583,
      "displayName": "Sonoran Desert, Pima County, Arizona, United States of America"
    },
    "Los Angeles": {
      "lat": 34.0536909,
      "lon": -118.242766,
      "displayName": "Los Angeles, Los Angeles County, California, United States of America"
    },
    "New York City": {
      "lat": 40.7127281,
      "lon": -74.0060152,
      "displayName": "City of New York, New York, United States of America"
    },
    "Machine City": {
      "lat": 37.781993,
      "lon": -122.410998,
      "displayName": "Machine, 1024, Market Street, Tenderloin, South of Market, San Francisco, California, 94102, United States of America"
    },
    "Nevada, USA": {
      "lat": 39.5158825,
      "lon": -116.853722,
      "displayName": "Nevada, United States of America"
    },
    "Virtual 1937 Los Angeles": {
      "lat": 34.0260494,
      "lon": -118.4573704,
      "displayName": "Virtual Snow, 3105, Pico Boulevard, Santa Monica, Los Angeles County, California, 90405, United States of America"
    },
    "Culver City, CA": {
      "lat": 34.0211224,
      "lon": -118.396466,
      "displayName": "Culver City, Los Angeles County, California, 90232, United States of America"
    },
    "Philadelphia, PA": {
      "lat": 39.9527237,
      "lon": -75.1635262,
      "displayName": "Philadelphia, Philadelphia County, Pennsylvania, United States of America"
    },
    "Baltimore, MA": {
      "lat": 39.2908816,
      "lon": -76.610759,
      "displayName": "Baltimore, Maryland, United States of America"
    },
    "USS Enterprise": {
      "lat": 38.8749557,
      "lon": -76.9945144,
      "displayName": "USS Enterprise, Kidder Breese Street Southeast, Navy Yard, Ward 8, Washington, District of Columbia, 20388, United States of America"
    },
    "Regula I": {
      "lat": 47.409157,
      "lon": 1.0534338,
      "displayName": "Saint-Règle, Loches, Indre-et-Loire, Centre-Val de Loire, France métropolitaine, 37530, France"
    },
    "Vancouver, Canada": {
      "lat": 49.2608724,
      "lon": -123.113952,
      "displayName": "Vancouver, Metro Vancouver Regional District, British Columbia, Canada"
    },
    "Battlestar Galactica": {
      "lat": 1.2531956,
      "lon": 103.8217917,
      "displayName": "Battlestar Galactica, Artillery Avenue, Southern Islands, Central, Singapore, 099394, Singapore"
    },
    "UK, South Africa": {
      "lat": 53.9056772,
      "lon": -2.4902092,
      "displayName": "South Africa, Cow Ark, Bowland Forest Low, Ribble Valley, Lancashire, England, United Kingdom"
    },
    "global": {
      "lat": 55.702215,
      "lon": 12.5592485,
      "displayName": "Global Biodiversity Information Facility, Universitetsparken, Nørrebro, København, Københavns Kommune, Region Hovedstaden, 2200, Danmark"
    },
    "British Columbia, Canada": {
      "lat": 55.001251,
      "lon": -125.002441,
      "displayName": "British Columbia, Canada"
    },
    "Oregon, USA": {
      "lat": 43.9792797,
      "lon": -120.737257,
      "displayName": "Oregon, United States of America"
    },
    "Moya": {
      "lat": 39.9479049,
      "lon": -1.366237,
      "displayName": "Moya, Cuenca, Castilla-La Mancha, España"
    },
    "Boston, USA": {
      "lat": 42.3554334,
      "lon": -71.060511,
      "displayName": "Boston, Suffolk County, Massachusetts, United States of America"
    },
    "Deep space": {
      "lat": 42.9985628,
      "lon": -89.5676261,
      "displayName": "Deep Space, Hubble Road, Epic Systems Corporation, Verona, Dane County, Wisconsin, 53593, United States of America"
    },
    "Burbank, USA": {
      "lat": 34.1812089,
      "lon": -118.307201,
      "displayName": "Burbank, Los Angeles County, California, United States of America"
    },
    "Multiverse": {
      "lat": 51.5203753,
      "lon": -0.1570152,
      "displayName": "Multiverse, 91-93, Baker Street, Marylebone, London, Greater London, England, W1U 4HG, United Kingdom"
    },
    "Bajor": {
      "lat": 48.9527668,
      "lon": 21.1138888,
      "displayName": "Bajerov, okres Prešov, Prešovský kraj, Východné Slovensko, 082 41, Slovensko"
    },
    "USS Enterprise NX-01": {
      "lat": 38.8749557,
      "lon": -76.9945144,
      "displayName": "USS Enterprise, Kidder Breese Street Southeast, Navy Yard, Ward 8, Washington, District of Columbia, 20388, United States of America"
    },
    "USS Enterprise-D": {
      "lat": 38.8749557,
      "lon": -76.9945144,
      "displayName": "USS Enterprise, Kidder Breese Street Southeast, Navy Yard, Ward 8, Washington, District of Columbia, 20388, United States of America"
    },
    "Atlantis": {
      "lat": 26.5909025,
      "lon": -80.1008762,
      "displayName": "Atlantis, Palm Beach County, Florida, United States of America"
    },
    "Destiny": {
      "lat": 18.7585778,
      "lon": 98.9872731,
      "displayName": "Destiny, บ้านป่าแดดเหนือ, ป่าแดด, Mueang Chiang Mai, จังหวัดเชียงใหม่, ประเทศไทย"
    },
    "Portmeirion, UK": {
      "lat": 52.9134555,
      "lon": -4.0993672,
      "displayName": "Portmeirion, Gwynedd, Cymru / Wales, LL48 6ER, United Kingdom"
    },
    "The Village": {
      "lat": 35.5658553,
      "lon": -97.5494185,
      "displayName": "The Village, Oklahoma County, Oklahoma, 73120, United States of America"
    }
  },
  "connections": [
    {
      "movie": "2001: A Space Odyssey",
      "year": "1968",
      "from": "England",
      "to": "African Desert",
      "type": "filming-to-depicted"
    },
    {
      "movie": "2001: A Space Odyssey",
      "year": "1968",
      "from": "African Desert",
      "to": "Illinois",
      "type": "depicted-to-depicted"
    },
    {
      "movie": "2001: A Space Odyssey",
      "year": "1968",
      "from": "Illinois",
      "to": "Jupiter",
      "type": "depicted-to-depicted"
    },
    {
      "movie": "A Clockwork Orange",
      "year": "1971",
      "from": "England, UK",
      "to": "London, UK",
      "type": "filming-to-depicted"
    },
    {
      "movie": "A Scanner Darkly",
      "year": "2006",
      "from": "Austin, USA",
      "to": "Orange County, USA",
      "type": "filming-to-depicted"
    },
    {
      "movie": "Akira",
      "year": "1988",
      "from": "Japan",
      "to": "Tokyo, Japan",
      "type": "filming-to-depicted"
    },
    {
      "movie": "Arrival",
      "year": "2016",
      "from": "Montreal, Canada",
      "to": "Montana, USA",
      "type": "filming-to-depicted"
    },
    {
      "movie": "Blade Runner",
      "year": "1982",
      "from": "United States",
      "to": "Los Angeles, USA",
      "type": "filming-to-depicted"
    },
    {
      "movie": "Blade Runner 2049",
      "year": "2017",
      "from": "Budapest, Hungary",
      "to": "Los Angeles, USA",
      "type": "filming-to-depicted"
    },
    {
      "movie": "Blade Runner 2049",
      "year": "2017",
      "from": "Los Angeles, USA",
      "to": "Las Vegas, USA",
      "type": "depicted-to-depicted"
    },
    {
      "movie": "Cargo",
      "year": "2009",
      "from": "Winterthur, Switzerland",
      "to": "Space",
      "type": "filming-to-depicted"
    },
    {
      "movie": "Chappie",
      "year": "2015",
      "from": "Johannesburg, South Africa",
      "to": "Johannesburg, South Africa",
      "type": "filming-to-depicted"
    },
    {
      "movie": "Children of Men",
      "year": "2006",
      "from": "London, UK",
      "to": "London, UK",
      "type": "filming-to-depicted"
    },
    {
      "movie": "Cloud Atlas",
      "year": "2012",
      "from": "Germany",
      "to": "Pacific Islands",
      "type": "filming-to-depicted"
    },
    {
      "movie": "Cloud Atlas",
      "year": "2012",
      "from": "Pacific Islands",
      "to": "Cambridge, England",
      "type": "depicted-to-depicted"
    },
    {
      "movie": "Cloud Atlas",
      "year": "2012",
      "from": "Cambridge, England",
      "to": "San Francisco, USA",
      "type": "depicted-to-depicted"
    },
    {
      "movie": "Cloud Atlas",
      "year": "2012",
      "from": "San Francisco, USA",
      "to": "London, UK",
      "type": "depicted-to-depicted"
    },
    {
      "movie": "Cloud Atlas",
      "year": "2012",
      "from": "London, UK",
      "to": "Seoul, Korea",
      "type": "depicted-to-depicted"
    },
    {
      "movie": "Cloud Atlas",
      "year": "2012",
      "from": "Seoul, Korea",
      "to": "Big Island, Hawaii)",
      "type": "depicted-to-depicted"
    },
    {
      "movie": "Coherence",
      "year": "2013",
      "from": "Los Angeles, USA",
      "to": "San Jose, USA",
      "type": "filming-to-depicted"
    },
    {
      "movie": "Contact",
      "year": "1997",
      "from": "New Mexico, USA",
      "to": "New Mexico, USA",
      "type": "filming-to-depicted"
    },
    {
      "movie": "Contact",
      "year": "1997",
      "from": "New Mexico, USA",
      "to": "Puerto Rico",
      "type": "depicted-to-depicted"
    },
    {
      "movie": "Contact",
      "year": "1997",
      "from": "Puerto Rico",
      "to": "Washington DC",
      "type": "depicted-to-depicted"
    },
    {
      "movie": "Contact",
      "year": "1997",
      "from": "Washington DC",
      "to": "Hokkaido, Japan",
      "type": "depicted-to-depicted"
    },
    {
      "movie": "Dark City",
      "year": "1998",
      "from": "Sydney, Australia",
      "to": "Dark City",
      "type": "filming-to-depicted"
    },
    {
      "movie": "District 9",
      "year": "2009",
      "from": "Johannesburg, South Africa",
      "to": "Johannesburg, South Africa",
      "type": "filming-to-depicted"
    },
    {
      "movie": "Dune",
      "year": "1984",
      "from": "Czech Republic",
      "to": "Arrakis",
      "type": "filming-to-depicted"
    },
    {
      "movie": "Edge of Tomorrow",
      "year": "2014",
      "from": "London, UK",
      "to": "France, UK",
      "type": "filming-to-depicted"
    },
    {
      "movie": "Eraserhead",
      "year": "1977",
      "from": "Los Angeles, USA",
      "to": "Industrial city, USA",
      "type": "filming-to-depicted"
    },
    {
      "movie": "Europa Report",
      "year": "2013",
      "from": "New York, USA",
      "to": "Europa",
      "type": "filming-to-depicted"
    },
    {
      "movie": "Ex Machina",
      "year": "2015",
      "from": "Valldal, Norway",
      "to": "Norway",
      "type": "filming-to-depicted"
    },
    {
      "movie": "eXistenZ",
      "year": "1999",
      "from": "Toronto, Canada",
      "to": "Canada",
      "type": "filming-to-depicted"
    },
    {
      "movie": "Forbidden Planet",
      "year": "1956",
      "from": "Los Angeles, USA",
      "to": "Altair IV",
      "type": "filming-to-depicted"
    },
    {
      "movie": "Gattaca",
      "year": "1997",
      "from": "California, USA",
      "to": "USA",
      "type": "filming-to-depicted"
    },
    {
      "movie": "Ghost in the Shell",
      "year": "1995",
      "from": "Hong Kong",
      "to": "Tokyo, Japan",
      "type": "filming-to-depicted"
    },
    {
      "movie": "Godzilla",
      "year": "1954",
      "from": "Tokyo, Japan",
      "to": "Tokyo, Japan",
      "type": "filming-to-depicted"
    },
    {
      "movie": "Hackers",
      "year": "1995",
      "from": "New York City, USA",
      "to": "New York City, USA",
      "type": "filming-to-depicted"
    },
    {
      "movie": "Her",
      "year": "2014",
      "from": "Shanghai, China",
      "to": "Los Angeles, USA",
      "type": "filming-to-depicted"
    },
    {
      "movie": "I Origins",
      "year": "2014",
      "from": "New York City, USA",
      "to": "New York City, USA",
      "type": "filming-to-depicted"
    },
    {
      "movie": "I Origins",
      "year": "2014",
      "from": "New York City, USA",
      "to": "India",
      "type": "depicted-to-depicted"
    },
    {
      "movie": "I, Robot",
      "year": "2004",
      "from": "North Vancouver, Canada",
      "to": "Chicago, USA",
      "type": "filming-to-depicted"
    },
    {
      "movie": "Inception",
      "year": "2010",
      "from": "UK",
      "to": "Paris, France",
      "type": "filming-to-depicted"
    },
    {
      "movie": "Inception",
      "year": "2010",
      "from": "Paris, France",
      "to": "USA",
      "type": "depicted-to-depicted"
    },
    {
      "movie": "Inception",
      "year": "2010",
      "from": "USA",
      "to": "Japan",
      "type": "depicted-to-depicted"
    },
    {
      "movie": "Inception",
      "year": "2010",
      "from": "Japan",
      "to": "Africa",
      "type": "depicted-to-depicted"
    },
    {
      "movie": "Inception",
      "year": "2010",
      "from": "Africa",
      "to": "Dream Worlds",
      "type": "depicted-to-depicted"
    },
    {
      "movie": "Interstellar",
      "year": "2014",
      "from": "Alberta, Canada",
      "to": "American Midwest",
      "type": "filming-to-depicted"
    },
    {
      "movie": "La Jetée",
      "year": "1962",
      "from": "Paris, France",
      "to": "Paris, France",
      "type": "filming-to-depicted"
    },
    {
      "movie": "Metropolis",
      "year": "1927",
      "from": "Berlin, Germany",
      "to": "Metropolis",
      "type": "filming-to-depicted"
    },
    {
      "movie": "Minority Report",
      "year": "2002",
      "from": "Los Angeles, USA",
      "to": "Washington, USA",
      "type": "filming-to-depicted"
    },
    {
      "movie": "Moon",
      "year": "2009",
      "from": "Shepperton Studios, UK",
      "to": "Moon",
      "type": "filming-to-depicted"
    },
    {
      "movie": "Mr. Nobody",
      "year": "2009",
      "from": "Belgium, Canada",
      "to": "England",
      "type": "filming-to-depicted"
    },
    {
      "movie": "Mr. Nobody",
      "year": "2009",
      "from": "England",
      "to": "Montreal, Canada",
      "type": "depicted-to-depicted"
    },
    {
      "movie": "Mr. Nobody",
      "year": "2009",
      "from": "Montreal, Canada",
      "to": "New York",
      "type": "depicted-to-depicted"
    },
    {
      "movie": "Mr. Nobody",
      "year": "2009",
      "from": "New York",
      "to": "Mars",
      "type": "depicted-to-depicted"
    },
    {
      "movie": "Oblivion",
      "year": "2013",
      "from": "Baton Rouge, LA",
      "to": "New York City, USA",
      "type": "filming-to-depicted"
    },
    {
      "movie": "Open Your Eyes",
      "year": "1997",
      "from": "Madrid, Spain",
      "to": "Madrid, Spain",
      "type": "filming-to-depicted"
    },
    {
      "movie": "Paprika",
      "year": "2006",
      "from": "Tokyo, Japan",
      "to": "Tokyo, Japan",
      "type": "filming-to-depicted"
    },
    {
      "movie": "Paprika",
      "year": "2006",
      "from": "Tokyo, Japan",
      "to": "Dream world",
      "type": "depicted-to-depicted"
    },
    {
      "movie": "Possible Worlds",
      "year": "2000",
      "from": "Montreal, Canada",
      "to": "Canada",
      "type": "filming-to-depicted"
    },
    {
      "movie": "Predestination",
      "year": "2014",
      "from": "Melbourne, Australia",
      "to": "New York, USA",
      "type": "filming-to-depicted"
    },
    {
      "movie": "Predestination",
      "year": "2014",
      "from": "New York, USA",
      "to": "Cleveland, USA",
      "type": "depicted-to-depicted"
    },
    {
      "movie": "Primer",
      "year": "2004",
      "from": "Dallas, USA",
      "to": "Texas, USA",
      "type": "filming-to-depicted"
    },
    {
      "movie": "Screamers",
      "year": "1995",
      "from": "Montreal, Canada",
      "to": "Sirius 6B",
      "type": "filming-to-depicted"
    },
    {
      "movie": "Serenity (Firefly)",
      "year": "2005",
      "from": "Los Angeles, USA",
      "to": "Space",
      "type": "filming-to-depicted"
    },
    {
      "movie": "Snowpiercer",
      "year": "2013",
      "from": "Canada",
      "to": "Mexico",
      "type": "depicted-to-depicted"
    },
    {
      "movie": "Source Code",
      "year": "2011",
      "from": "Montreal, Canada",
      "to": "Chicago, USA",
      "type": "filming-to-depicted"
    },
    {
      "movie": "Strange Days",
      "year": "1995",
      "from": "Los Angeles, USA",
      "to": "Los Angeles, USA",
      "type": "filming-to-depicted"
    },
    {
      "movie": "Sunshine",
      "year": "2007",
      "from": "London, UK",
      "to": "Space",
      "type": "filming-to-depicted"
    },
    {
      "movie": "Tenet",
      "year": "2020",
      "from": "Denmark, USA",
      "to": "Oslo",
      "type": "filming-to-depicted"
    },
    {
      "movie": "Tenet",
      "year": "2020",
      "from": "Oslo",
      "to": "Mumbai",
      "type": "depicted-to-depicted"
    },
    {
      "movie": "Tenet",
      "year": "2020",
      "from": "Mumbai",
      "to": "Tallinn",
      "type": "depicted-to-depicted"
    },
    {
      "movie": "Tenet",
      "year": "2020",
      "from": "Tallinn",
      "to": "Italy",
      "type": "depicted-to-depicted"
    },
    {
      "movie": "The City of Lost Children",
      "year": "1995",
      "from": "France",
      "to": "Port city",
      "type": "filming-to-depicted"
    },
    {
      "movie": "The Fifth Element",
      "year": "1997",
      "from": "London, UK",
      "to": "New York City, USA",
      "type": "filming-to-depicted"
    },
    {
      "movie": "The Fifth Element",
      "year": "1997",
      "from": "New York City, USA",
      "to": "Space",
      "type": "depicted-to-depicted"
    },
    {
      "movie": "The Hitchhiker's Guide to the Galaxy",
      "year": "2005",
      "from": "UK, USA",
      "to": "Earth",
      "type": "filming-to-depicted"
    },
    {
      "movie": "The Hitchhiker's Guide to the Galaxy",
      "year": "2005",
      "from": "Earth",
      "to": "Space",
      "type": "depicted-to-depicted"
    },
    {
      "movie": "The Island",
      "year": "2005",
      "from": "Rhyolite, Nevada",
      "to": "Arizona Desert",
      "type": "filming-to-depicted"
    },
    {
      "movie": "The Island",
      "year": "2005",
      "from": "Arizona Desert",
      "to": "Los Angeles",
      "type": "depicted-to-depicted"
    },
    {
      "movie": "The Island",
      "year": "2005",
      "from": "Los Angeles",
      "to": "New York City",
      "type": "depicted-to-depicted"
    },
    {
      "movie": "The Man from Earth",
      "year": "2007",
      "from": "California, USA",
      "to": "California, USA",
      "type": "filming-to-depicted"
    },
    {
      "movie": "The Martian",
      "year": "2015",
      "from": "Budapest, Hungary",
      "to": "Mars",
      "type": "filming-to-depicted"
    },
    {
      "movie": "The Signal",
      "year": "2014",
      "from": "New Mexico, USA",
      "to": "Nevada, USA",
      "type": "filming-to-depicted"
    },
    {
      "movie": "The Signal",
      "year": "2014",
      "from": "Nevada, USA",
      "to": "Space",
      "type": "depicted-to-depicted"
    },
    {
      "movie": "The Thirteenth Floor",
      "year": "1999",
      "from": "Los Angeles, USA",
      "to": "Los Angeles, USA",
      "type": "filming-to-depicted"
    },
    {
      "movie": "The Thirteenth Floor",
      "year": "1999",
      "from": "Los Angeles, USA",
      "to": "Virtual 1937 Los Angeles",
      "type": "depicted-to-depicted"
    },
    {
      "movie": "The Time Machine",
      "year": "2002",
      "from": "Culver City, CA",
      "to": "London, UK",
      "type": "filming-to-depicted"
    },
    {
      "movie": "Transcendence",
      "year": "2014",
      "from": "New Mexico, USA",
      "to": "California, USA",
      "type": "filming-to-depicted"
    },
    {
      "movie": "Twelve Monkeys",
      "year": "1996",
      "from": "Philadelphia, PA",
      "to": "Philadelphia, PA",
      "type": "filming-to-depicted"
    },
    {
      "movie": "Twelve Monkeys",
      "year": "1996",
      "from": "Philadelphia, PA",
      "to": "Baltimore, MA",
      "type": "depicted-to-depicted"
    },
    {
      "movie": "Vanilla Sky",
      "year": "2001",
      "from": "New York City, USA",
      "to": "New York City, USA",
      "type": "filming-to-depicted"
    },
    {
      "movie": "Star Trek II: The Wrath of Khan",
      "year": "1982",
      "from": "California, USA",
      "to": "Space",
      "type": "filming-to-depicted"
    },
    {
      "movie": "Star Trek II: The Wrath of Khan",
      "year": "1982",
      "from": "Space",
      "to": "USS Enterprise",
      "type": "depicted-to-depicted"
    },
    {
      "movie": "Star Trek II: The Wrath of Khan",
      "year": "1982",
      "from": "USS Enterprise",
      "to": "Regula I",
      "type": "depicted-to-depicted"
    },
    {
      "movie": "Battlestar Galactica",
      "year": "2004–2009",
      "from": "Vancouver, Canada",
      "to": "Battlestar Galactica",
      "type": "filming-to-depicted"
    },
    {
      "movie": "Black Mirror",
      "year": "2011–",
      "from": "UK, South Africa",
      "to": "UK",
      "type": "filming-to-depicted"
    },
    {
      "movie": "Black Mirror",
      "year": "2011–",
      "from": "UK",
      "to": "USA",
      "type": "depicted-to-depicted"
    },
    {
      "movie": "Black Mirror",
      "year": "2011–",
      "from": "USA",
      "to": "global",
      "type": "depicted-to-depicted"
    },
    {
      "movie": "Blakes 7",
      "year": "1978–1981",
      "from": "UK",
      "to": "Space",
      "type": "filming-to-depicted"
    },
    {
      "movie": "Children of Dune",
      "year": "2003",
      "from": "Prague, Czech Republic",
      "to": "Arrakis",
      "type": "filming-to-depicted"
    },
    {
      "movie": "Continuum",
      "year": "2012–2015",
      "from": "Vancouver, Canada",
      "to": "Vancouver, Canada",
      "type": "filming-to-depicted"
    },
    {
      "movie": "Doctor Who",
      "year": "1964-1989 / 2005–",
      "from": "UK",
      "to": "Earth",
      "type": "filming-to-depicted"
    },
    {
      "movie": "Doctor Who",
      "year": "1964-1989 / 2005–",
      "from": "Earth",
      "to": "Space",
      "type": "depicted-to-depicted"
    },
    {
      "movie": "Dune",
      "year": "2000",
      "from": "Czech Republic",
      "to": "Arrakis",
      "type": "filming-to-depicted"
    },
    {
      "movie": "Eureka",
      "year": "2006-2012",
      "from": "British Columbia, Canada",
      "to": "Oregon, USA",
      "type": "filming-to-depicted"
    },
    {
      "movie": "Farscape",
      "year": "1999–2003",
      "from": "Sydney, Australia",
      "to": "Moya",
      "type": "filming-to-depicted"
    },
    {
      "movie": "Fringe",
      "year": "2008–2013",
      "from": "Vancouver, Canada",
      "to": "Boston, USA",
      "type": "filming-to-depicted"
    },
    {
      "movie": "Fringe",
      "year": "2008–2013",
      "from": "Boston, USA",
      "to": "New York, USA",
      "type": "depicted-to-depicted"
    },
    {
      "movie": "Hitchhiker's Guide to the Galaxy",
      "year": "1981",
      "from": "UK",
      "to": "Earth",
      "type": "filming-to-depicted"
    },
    {
      "movie": "Hitchhiker's Guide to the Galaxy",
      "year": "1981",
      "from": "Earth",
      "to": "Space",
      "type": "depicted-to-depicted"
    },
    {
      "movie": "Mr. Robot",
      "year": "-2015",
      "from": "New York City, USA",
      "to": "New York City, USA",
      "type": "filming-to-depicted"
    },
    {
      "movie": "Neon Genesis Evangelion",
      "year": "1995–1996",
      "from": "Tokyo, Japan",
      "to": "Tokyo, Japan",
      "type": "filming-to-depicted"
    },
    {
      "movie": "Person of Interest",
      "year": "2011-2016",
      "from": "New York City, USA",
      "to": "New York City, USA",
      "type": "filming-to-depicted"
    },
    {
      "movie": "Rick and Morty",
      "year": "-2013",
      "from": "Burbank, USA",
      "to": "Earth",
      "type": "filming-to-depicted"
    },
    {
      "movie": "Rick and Morty",
      "year": "-2013",
      "from": "Earth",
      "to": "Multiverse",
      "type": "depicted-to-depicted"
    },
    {
      "movie": "Star Trek: Enterprise",
      "year": "2001–2005",
      "from": "California, USA",
      "to": "USS Enterprise NX-01",
      "type": "filming-to-depicted"
    },
    {
      "movie": "Star Trek: The Next Generation",
      "year": "1987–1994",
      "from": "California, USA",
      "to": "USS Enterprise-D",
      "type": "filming-to-depicted"
    },
    {
      "movie": "Star Trek: The Original Series",
      "year": "1966–1969",
      "from": "California, USA",
      "to": "USS Enterprise",
      "type": "filming-to-depicted"
    },
    {
      "movie": "Stargate Atlantis",
      "year": "2004–2009",
      "from": "Vancouver, Canada",
      "to": "Earth",
      "type": "filming-to-depicted"
    },
    {
      "movie": "Stargate Atlantis",
      "year": "2004–2009",
      "from": "Earth",
      "to": "Atlantis",
      "type": "depicted-to-depicted"
    },
    {
      "movie": "Stargate SG1",
      "year": "1997–2007",
      "from": "Vancouver, Canada",
      "to": "Earth",
      "type": "filming-to-depicted"
    },
    {
      "movie": "Stargate SG1",
      "year": "1997–2007",
      "from": "Earth",
      "to": "Space",
      "type": "depicted-to-depicted"
    },
    {
      "movie": "Stargate Universe",
      "year": "2009–2011",
      "from": "Vancouver, Canada",
      "to": "Destiny",
      "type": "filming-to-depicted"
    },
    {
      "movie": "The 100",
      "year": "2014–",
      "from": "Vancouver, Canada",
      "to": "Earth",
      "type": "filming-to-depicted"
    },
    {
      "movie": "The Prisoner",
      "year": "1967–1968",
      "from": "Portmeirion, UK",
      "to": "The Village",
      "type": "filming-to-depicted"
    },
    {
      "movie": "The X-Files",
      "year": "1993-2002 / 2016-",
      "from": "Vancouver, Canada",
      "to": "USA",
      "type": "filming-to-depicted"
    },
    {
      "movie": "Twilight Zone",
      "year": "1959–1964",
      "from": "California, USA",
      "to": "USA",
      "type": "filming-to-depicted"
    }
  ],
  "generatedAt": "2025-11-09T18:58:44.667Z",
  "stats": {
    "totalMovies": 99,
    "uniqueLocations": 115,
    "connections": 128
  }
}